URL,Slug,Source,Category,Words,Inbound Links,Outbound Links,Date Modified,Has Affiliate,Priority Score
https://www.cubicalgolfer.com/best-golf-drivers-forgiveness/,/best-golf-drivers-forgiveness/,articles,gear-reviews,2757,13,3,2026-03-24,yes,8
https://www.cubicalgolfer.com/best-golf-rangefinders-2026/,/best-golf-rangefinders-2026/,articles,gear-reviews,2624,15,0,2026-03-24,yes,7
https://www.cubicalgolfer.com/best-golf-gps-watches/,/best-golf-gps-watches/,articles,gear-reviews,1960,12,4,2026-03-24,yes,7
https://www.cubicalgolfer.com/best-golf-balls-2026/,/best-golf-balls-2026/,articles,gear-reviews,3473,13,0,2026-03-22,yes,7
https://www.cubicalgolfer.com/best-golf-putters-2026/,/best-golf-putters-2026/,articles,gear-reviews,2104,9,0,2026-03-26,yes,7
https://www.cubicalgolfer.com/golf-ball-compression-chart/,/golf-ball-compression-chart/,articles,improve-game,1403,10,1,2026-04-26,yes,7
https://www.cubicalgolfer.com/office-to-golf-course-playbook/,/office-to-golf-course-playbook/,articles,golf-lifestyle,2160,2,6,2026-04-27,yes,7
https://www.cubicalgolfer.com/when-to-replace-golf-grips/,/when-to-replace-golf-grips/,articles,gear-reviews,1687,3,4,2026-04-27,yes,7
https://www.cubicalgolfer.com/best-launch-monitor-low-ceiling/,/best-launch-monitor-low-ceiling/,articles,gear-reviews,874,4,7,2026-05-25,yes,7
https://www.cubicalgolfer.com/launch-monitor-subscription-cost-comparison/,/launch-monitor-subscription-cost-comparison/,articles,gear-reviews,647,6,2,2026-05-14,yes,7
https://www.cubicalgolfer.com/best-golf-irons-2026/,/best-golf-irons-2026/,articles,gear-reviews,1837,8,1,2026-03-27,yes,6
https://www.cubicalgolfer.com/bushnell-tour-v6-shift-review/,/bushnell-tour-v6-shift-review/,articles,gear-reviews,2172,3,0,2026-04-20,yes,6
https://www.cubicalgolfer.com/garmin-approach-s62-review/,/garmin-approach-s62-review/,articles,golf-tech,2277,3,0,2026-04-22,yes,6
https://www.cubicalgolfer.com/apartment-golf-simulator-setup/,/apartment-golf-simulator-setup/,articles,golf-tech,819,3,0,2026-05-25,yes,6
https://www.cubicalgolfer.com/gifts-for-golfer-who-never-keeps-anything/,/gifts-for-golfer-who-never-keeps-anything/,articles,golf-accessories,1816,3,8,2026-04-27,no,6
https://www.cubicalgolfer.com/approach-wedge-vs-gap-wedge-do-you-need-it/,/approach-wedge-vs-gap-wedge-do-you-need-it/,articles,gear-reviews,951,3,3,2026-04-27,yes,6
https://www.cubicalgolfer.com/when-to-replace-wedges-grooves/,/when-to-replace-wedges-grooves/,articles,gear-reviews,1305,2,3,2026-04-27,yes,6
https://www.cubicalgolfer.com/best-launch-monitors-no-subscription/,/best-launch-monitors-no-subscription/,articles,golf-tech,844,4,0,2026-05-20,yes,6
https://www.cubicalgolfer.com/shot-scope-lm1-vs-garmin-r10/,/shot-scope-lm1-vs-garmin-r10/,articles,golf-tech,623,3,0,2026-05-20,yes,6
https://www.cubicalgolfer.com/best-golf-push-carts-2026/,/best-golf-push-carts-2026/,articles,golf-accessories,679,3,0,2026-05-25,yes,6
https://www.cubicalgolfer.com/trackman-alternatives-2026/,/trackman-alternatives-2026/,articles,gear-reviews,570,4,3,2026-05-11,yes,6
https://www.cubicalgolfer.com/mlm2pro-vs-skytrak-plus/,/mlm2pro-vs-skytrak-plus/,articles,gear-reviews,541,3,4,2026-05-13,yes,6
https://www.cubicalgolfer.com/best-golf-simulator-software-2026/,/best-golf-simulator-software-2026/,articles,indoor-golf,525,4,2,2026-05-18,no,6
https://www.cubicalgolfer.com/golf-simulator-room-dimensions-guide/,/golf-simulator-room-dimensions-guide/,articles,indoor-golf,528,4,9,2026-05-16,yes,6
https://www.cubicalgolfer.com/best-golf-simulator-for-beginners/,/best-golf-simulator-for-beginners/,articles,indoor-golf,555,4,11,2026-05-16,yes,6
https://www.cubicalgolfer.com/best-golf-simulator-under-5000/,/best-golf-simulator-under-5000/,articles,indoor-golf,414,5,1,2026-05-18,yes,6
https://www.cubicalgolfer.com/how-to-improve-with-launch-monitor/,/how-to-improve-with-launch-monitor/,articles,improve-game,606,5,2,2026-05-16,no,6
https://www.cubicalgolfer.com/iron-fitting-guide-beginners/,/iron-fitting-guide-beginners/,articles,improve-game,502,2,3,2026-05-20,yes,6
https://www.cubicalgolfer.com/best-launch-monitors-under-500/,/best-launch-monitors-under-500/,articles,golf-tech,1100,2,2,2026-05-19,yes,6
https://www.cubicalgolfer.com/how-to-sneak-in-more-golf-rounds/,/how-to-sneak-in-more-golf-rounds/,articles,golf-lifestyle,345,5,0,2026-05-25,no,5
https://www.cubicalgolfer.com/best-golf-training-aids/,/best-golf-training-aids/,articles,golf-accessories,534,4,4,2026-03-26,yes,5
https://www.cubicalgolfer.com/best-golf-rangefinders-under-200/,/best-golf-rangefinders-under-200/,articles,gear-reviews,831,3,1,2026-05-10,yes,5
https://www.cubicalgolfer.com/best-golf-launch-monitors-2026/,/best-golf-launch-monitors-2026/,articles,golf-tech,661,12,0,2026-04-16,yes,5
https://www.cubicalgolfer.com/best-golf-gear-under-100/,/best-golf-gear-under-100/,articles,golf-accessories,733,7,0,2026-04-17,yes,5
https://www.cubicalgolfer.com/golf-practice-drills-at-home/,/golf-practice-drills-at-home/,articles,improve-game,997,7,0,2026-04-17,yes,5
https://www.cubicalgolfer.com/best-golf-balls-90-mph-swing-speed/,/best-golf-balls-90-mph-swing-speed/,articles,gear-reviews,1323,4,0,2026-04-19,yes,5
https://www.cubicalgolfer.com/arccos-caddie-review/,/arccos-caddie-review/,articles,golf-tech,892,2,0,2026-05-25,yes,5
https://www.cubicalgolfer.com/best-budget-launch-monitor/,/best-budget-launch-monitor/,articles,golf-tech,765,5,0,2026-03-15,yes,5
https://www.cubicalgolfer.com/rapsodo-mlm2pro-vs-garmin-r50-vs-square-golf/,/rapsodo-mlm2pro-vs-garmin-r50-vs-square-golf/,articles,golf-tech,700,3,0,2026-04-26,yes,5
https://www.cubicalgolfer.com/best-golf-gifts-for-dad/,/best-golf-gifts-for-dad/,articles,gear-reviews,705,5,0,2026-04-23,yes,5
https://www.cubicalgolfer.com/best-junior-golf-clubs/,/best-junior-golf-clubs/,articles,gear-reviews,534,4,0,2026-04-27,yes,5
https://www.cubicalgolfer.com/best-golf-gifts-under-50/,/best-golf-gifts-under-50/,articles,gear-reviews,314,6,0,2026-04-25,yes,5
https://www.cubicalgolfer.com/best-christmas-golf-gifts/,/best-christmas-golf-gifts/,articles,gear-reviews,426,5,0,2026-04-25,yes,5
https://www.cubicalgolfer.com/best-golf-hitting-net-apartment-garage/,/best-golf-hitting-net-apartment-garage/,articles,golf-tech,752,4,0,2026-04-26,yes,5
https://www.cubicalgolfer.com/best-swing-speed-trainer-over-40/,/best-swing-speed-trainer-over-40/,articles,improve-game,676,4,0,2026-04-26,yes,5
https://www.cubicalgolfer.com/how-to-buy-wedges-4-degree-rule/,/how-to-buy-wedges-4-degree-rule/,articles,gear-reviews,1088,2,5,2026-04-27,yes,5
https://www.cubicalgolfer.com/best-golf-driver-under-300/,/best-golf-driver-under-300/,articles,gear-reviews,1201,3,0,2026-04-17,yes,5
https://www.cubicalgolfer.com/best-golf-driver-slow-swing-speed/,/best-golf-driver-slow-swing-speed/,articles,gear-reviews,1301,3,0,2026-04-14,yes,5
https://www.cubicalgolfer.com/best-golf-grips-sweaty-hands/,/best-golf-grips-sweaty-hands/,articles,golf-accessories,730,2,0,2026-05-28,yes,5
https://www.cubicalgolfer.com/how-much-does-golf-simulator-cost/,/how-much-does-golf-simulator-cost/,articles,golf-tech,615,4,0,2026-05-13,yes,5
https://www.cubicalgolfer.com/bushnell-launch-pro-vs-skytrak-plus/,/bushnell-launch-pro-vs-skytrak-plus/,articles,gear-reviews,408,3,4,2026-05-17,yes,5
https://www.cubicalgolfer.com/garmin-r10-vs-square-golf/,/garmin-r10-vs-square-golf/,articles,gear-reviews,404,3,2,2026-05-15,yes,5
https://www.cubicalgolfer.com/portable-golf-simulator-setup/,/portable-golf-simulator-setup/,articles,indoor-golf,497,3,4,2026-05-15,yes,5
https://www.cubicalgolfer.com/quiet-golf-simulator-setup/,/quiet-golf-simulator-setup/,articles,indoor-golf,624,2,2,2026-05-14,yes,5
https://www.cubicalgolfer.com/golf-launch-monitor-accuracy-test/,/golf-launch-monitor-accuracy-test/,articles,gear-reviews,538,4,1,2026-05-13,yes,5
https://www.cubicalgolfer.com/best-golf-apps-for-apple-watch/,/best-golf-apps-for-apple-watch/,articles,gear-reviews,376,2,4,2026-05-18,yes,5
https://www.cubicalgolfer.com/best-game-improvement-irons-2026/,/best-game-improvement-irons-2026/,articles,gear-reviews,587,2,2,2026-05-13,yes,5
https://www.cubicalgolfer.com/best-golf-gps-watch-under-300/,/best-golf-gps-watch-under-300/,articles,gear-reviews,967,1,1,2026-05-18,yes,5
https://www.cubicalgolfer.com/compare/bushnell-tour-v6-vs-precision-pro-nx9/,/compare/bushnell-tour-v6-vs-precision-pro-nx9/,comparisons,comparison,1345,4,0,2026-03-28,yes,5
https://www.cubicalgolfer.com/golf-club-distance-chart/,/golf-club-distance-chart/,standalone,improve-game,0,6,0,2026-05-25,no,5
https://www.cubicalgolfer.com/golf-simulator-cost-calculator/,/golf-simulator-cost-calculator/,standalone,golf-tech,0,6,0,2026-05-25,no,5
https://www.cubicalgolfer.com/golf-equipment-budget-planner/,/golf-equipment-budget-planner/,standalone,gear-reviews,0,5,0,2026-05-25,no,5
https://www.cubicalgolfer.com/golf-tips-for-beginners/,/golf-tips-for-beginners/,articles,improve-game,511,6,0,2026-03-26,no,4
https://www.cubicalgolfer.com/best-golf-swing-analyzers/,/best-golf-swing-analyzers/,articles,golf-tech,297,6,0,2026-03-22,yes,4
https://www.cubicalgolfer.com/best-golf-bags-2026/,/best-golf-bags-2026/,articles,gear-reviews,304,8,0,2026-03-28,yes,4
https://www.cubicalgolfer.com/how-to-stop-topping-the-ball/,/how-to-stop-topping-the-ball/,articles,improve-game,559,2,1,2026-05-25,no,4
https://www.cubicalgolfer.com/best-golf-simulator-under-1000/,/best-golf-simulator-under-1000/,articles,golf-tech,296,5,0,2026-04-14,yes,4
https://www.cubicalgolfer.com/best-beginner-golf-set-under-500/,/best-beginner-golf-set-under-500/,articles,gear-reviews,785,4,0,2026-04-17,yes,4
https://www.cubicalgolfer.com/rapsodo-mlm2pro-review/,/rapsodo-mlm2pro-review/,articles,golf-tech,998,4,0,2026-04-19,yes,4
https://www.cubicalgolfer.com/callaway-paradym-ai-smoke-max-review/,/callaway-paradym-ai-smoke-max-review/,articles,gear-reviews,856,3,0,2026-04-20,yes,4
https://www.cubicalgolfer.com/titleist-pro-v1-review/,/titleist-pro-v1-review/,articles,gear-reviews,803,3,0,2026-04-23,yes,4
https://www.cubicalgolfer.com/precision-pro-nx9-review/,/precision-pro-nx9-review/,articles,gear-reviews,770,3,0,2026-04-19,yes,4
https://www.cubicalgolfer.com/rapsodo-vs-garmin-r10/,/rapsodo-vs-garmin-r10/,articles,golf-tech,960,4,0,2026-04-20,yes,4
https://www.cubicalgolfer.com/best-golf-clubs-20-handicap/,/best-golf-clubs-20-handicap/,articles,gear-reviews,1263,2,0,2026-04-19,yes,4
https://www.cubicalgolfer.com/how-i-dropped-5-strokes-arccos-mlm2pro/,/how-i-dropped-5-strokes-arccos-mlm2pro/,articles,improve-game,668,3,0,2026-04-23,yes,4
https://www.cubicalgolfer.com/best-budget-launch-monitor-apartment/,/best-budget-launch-monitor-apartment/,articles,golf-tech,570,3,0,2026-04-23,yes,4
https://www.cubicalgolfer.com/desk-exercises-fix-golf-slice/,/desk-exercises-fix-golf-slice/,articles,golf-lifestyle,814,4,0,2026-04-25,no,4
https://www.cubicalgolfer.com/best-rain-gear-midwest-golfers/,/best-rain-gear-midwest-golfers/,articles,gear-reviews,571,4,0,2026-04-24,yes,4
https://www.cubicalgolfer.com/best-golf-gifts-for-mom/,/best-golf-gifts-for-mom/,articles,gear-reviews,349,4,0,2026-04-27,yes,4
https://www.cubicalgolfer.com/best-golf-gifts-for-couples/,/best-golf-gifts-for-couples/,articles,golf-lifestyle,364,4,0,2026-04-27,yes,4
https://www.cubicalgolfer.com/best-indoor-putting-green-office-home/,/best-indoor-putting-green-office-home/,articles,golf-lifestyle,607,2,0,2026-04-26,yes,4
https://www.cubicalgolfer.com/best-left-handed-golf-clubs-2026/,/best-left-handed-golf-clubs-2026/,articles,gear-reviews,549,1,0,2026-04-26,yes,4
https://www.cubicalgolfer.com/best-training-aids-fix-slice/,/best-training-aids-fix-slice/,articles,improve-game,680,2,0,2026-04-26,yes,4
https://www.cubicalgolfer.com/best-spikeless-golf-shoes-walking-18/,/best-spikeless-golf-shoes-walking-18/,articles,gear-reviews,586,2,0,2026-04-26,yes,4
https://www.cubicalgolfer.com/best-golf-clubs-slow-swing-speed/,/best-golf-clubs-slow-swing-speed/,articles,gear-reviews,633,2,0,2026-04-26,yes,4
https://www.cubicalgolfer.com/best-budget-putters-under-150/,/best-budget-putters-under-150/,articles,gear-reviews,1057,1,0,2026-05-05,yes,4
https://www.cubicalgolfer.com/fathers-day-golf-gifts-2026/,/fathers-day-golf-gifts-2026/,articles,golf-accessories,677,2,0,2026-05-15,yes,4
https://www.cubicalgolfer.com/best-golf-shoes-bad-knees/,/best-golf-shoes-bad-knees/,articles,golf-accessories,517,2,0,2026-05-17,yes,4
https://www.cubicalgolfer.com/golf-simulator-projector-distance-calculator/,/golf-simulator-projector-distance-calculator/,articles,indoor-golf,369,2,2,2026-05-20,no,4
https://www.cubicalgolfer.com/golf-simulator-vs-driving-range/,/golf-simulator-vs-driving-range/,articles,indoor-golf,406,4,1,2026-05-13,yes,4
https://www.cubicalgolfer.com/best-irons-under-500/,/best-irons-under-500/,articles,gear-reviews,296,2,2,2026-05-15,yes,4
https://www.cubicalgolfer.com/wedge-bounce-guide/,/wedge-bounce-guide/,articles,improve-game,403,2,1,2026-05-20,yes,4
https://www.cubicalgolfer.com/best-hybrid-clubs-2026/,/best-hybrid-clubs-2026/,articles,gear-reviews,277,2,1,2026-05-18,yes,4
https://www.cubicalgolfer.com/hybrid-vs-long-iron/,/hybrid-vs-long-iron/,articles,improve-game,286,1,3,2026-05-14,yes,4
https://www.cubicalgolfer.com/shaft-flex-guide/,/shaft-flex-guide/,articles,improve-game,415,2,3,2026-05-13,yes,4
https://www.cubicalgolfer.com/best-golf-grips-2026/,/best-golf-grips-2026/,articles,golf-accessories,379,3,1,2026-05-15,yes,4
https://www.cubicalgolfer.com/driver-loft-guide/,/driver-loft-guide/,articles,improve-game,433,2,3,2026-05-16,yes,4
https://www.cubicalgolfer.com/compare/garmin-approach-s62-vs-shot-scope-v5/,/compare/garmin-approach-s62-vs-shot-scope-v5/,comparisons,comparison,548,3,0,2026-03-28,yes,4
https://www.cubicalgolfer.com/compare/callaway-paradym-vs-taylormade-qi35/,/compare/callaway-paradym-vs-taylormade-qi35/,comparisons,comparison,620,3,0,2026-03-28,yes,4
https://www.cubicalgolfer.com/compare/bushnell-tour-v6-vs-callaway-300-pro/,/compare/bushnell-tour-v6-vs-callaway-300-pro/,comparisons,comparison,850,0,0,2026-05-20,yes,4
https://www.cubicalgolfer.com/compare/skytrak-plus-vs-flightscope-mevo-gen2/,/compare/skytrak-plus-vs-flightscope-mevo-gen2/,comparisons,comparison,1096,0,0,2026-05-22,yes,4
https://www.cubicalgolfer.com/compare/taylormade-qi35-vs-callaway-ai-smoke/,/compare/taylormade-qi35-vs-callaway-ai-smoke/,comparisons,comparison,770,0,0,2026-05-25,yes,4
https://www.cubicalgolfer.com/compare/titleist-pro-v1-vs-callaway-chrome-soft/,/compare/titleist-pro-v1-vs-callaway-chrome-soft/,comparisons,comparison,789,0,0,2026-05-25,yes,4
https://www.cubicalgolfer.com/compare/titleist-pro-v1-vs-kirkland-signature/,/compare/titleist-pro-v1-vs-kirkland-signature/,comparisons,comparison,702,0,0,2026-05-25,yes,4
https://www.cubicalgolfer.com/compare/skytrak-plus-vs-mevo-plus/,/compare/skytrak-plus-vs-mevo-plus/,comparisons,comparison,652,0,0,2026-05-25,yes,4
https://www.cubicalgolfer.com/compare/garmin-approach-s62-vs-s70/,/compare/garmin-approach-s62-vs-s70/,comparisons,comparison,632,0,0,2026-05-25,yes,4
https://www.cubicalgolfer.com/how-to-fix-your-slice/,/how-to-fix-your-slice/,articles,improve-game,285,7,0,2026-03-27,no,3
https://www.cubicalgolfer.com/how-to-break-90/,/how-to-break-90/,articles,improve-game,227,9,0,2026-03-26,no,3
https://www.cubicalgolfer.com/average-golf-handicap/,/average-golf-handicap/,articles,improve-game,732,2,3,2026-03-26,no,3
https://www.cubicalgolfer.com/best-golf-apps/,/best-golf-apps/,articles,golf-tech,239,4,0,2026-03-25,yes,3
https://www.cubicalgolfer.com/best-ai-golf-training-tools/,/best-ai-golf-training-tools/,articles,golf-tech,256,3,0,2026-03-28,yes,3
https://www.cubicalgolfer.com/best-golf-accessories-under-50/,/best-golf-accessories-under-50/,articles,golf-accessories,78,3,0,2026-03-22,yes,3
https://www.cubicalgolfer.com/best-golf-gloves-hot-weather/,/best-golf-gloves-hot-weather/,articles,golf-accessories,213,4,0,2026-03-22,yes,3
https://www.cubicalgolfer.com/titleist-pro-v1-vs-pro-v1x/,/titleist-pro-v1-vs-pro-v1x/,articles,gear-reviews,227,5,0,2026-03-23,no,3
https://www.cubicalgolfer.com/best-golf-shoes-for-walking/,/best-golf-shoes-for-walking/,articles,golf-accessories,292,3,0,2026-03-25,yes,3
https://www.cubicalgolfer.com/best-golf-gloves-for-men/,/best-golf-gloves-for-men/,articles,golf-accessories,408,3,0,2026-03-26,yes,3
https://www.cubicalgolfer.com/best-golf-drivers-under-200/,/best-golf-drivers-under-200/,articles,gear-reviews,422,1,3,2026-03-26,yes,3
https://www.cubicalgolfer.com/is-a-rangefinder-worth-it/,/is-a-rangefinder-worth-it/,articles,gear-reviews,512,2,1,2026-04-13,yes,3
https://www.cubicalgolfer.com/golf-rangefinder-vs-gps-watch/,/golf-rangefinder-vs-gps-watch/,articles,gear-reviews,456,3,0,2026-04-11,yes,3
https://www.cubicalgolfer.com/what-golf-ball-for-high-handicapper/,/what-golf-ball-for-high-handicapper/,articles,gear-reviews,475,4,0,2026-04-18,yes,3
https://www.cubicalgolfer.com/bushnell-vs-garmin-rangefinder/,/bushnell-vs-garmin-rangefinder/,articles,gear-reviews,896,2,0,2026-04-16,yes,3
https://www.cubicalgolfer.com/best-golf-balls-slow-swing-speed/,/best-golf-balls-slow-swing-speed/,articles,gear-reviews,353,4,0,2026-04-11,yes,3
https://www.cubicalgolfer.com/skytrak-vs-mevo-plus/,/skytrak-vs-mevo-plus/,articles,golf-tech,404,4,0,2026-04-09,yes,3
https://www.cubicalgolfer.com/best-golf-grip-trainers/,/best-golf-grip-trainers/,articles,golf-accessories,500,1,0,2026-04-08,yes,3
https://www.cubicalgolfer.com/best-golf-simulator-small-spaces/,/best-golf-simulator-small-spaces/,articles,golf-tech,398,3,0,2026-04-09,yes,3
https://www.cubicalgolfer.com/do-i-need-slope-on-rangefinder/,/do-i-need-slope-on-rangefinder/,articles,gear-reviews,504,2,0,2026-04-14,yes,3
https://www.cubicalgolfer.com/best-golf-balls-for-seniors/,/best-golf-balls-for-seniors/,articles,gear-reviews,317,4,0,2026-04-14,yes,3
https://www.cubicalgolfer.com/how-to-stop-3-putting/,/how-to-stop-3-putting/,articles,improve-game,561,4,0,2026-04-14,no,3
https://www.cubicalgolfer.com/best-golf-gps-watch-under-200/,/best-golf-gps-watch-under-200/,articles,golf-tech,334,3,0,2026-04-14,yes,3
https://www.cubicalgolfer.com/golf-for-beginners/,/golf-for-beginners/,articles,improve-game,539,3,0,2026-04-14,no,3
https://www.cubicalgolfer.com/trackman-vs-foresight-gcquad/,/trackman-vs-foresight-gcquad/,articles,golf-tech,1067,4,0,2026-04-16,no,3
https://www.cubicalgolfer.com/garmin-s62-vs-apple-watch-golf/,/garmin-s62-vs-apple-watch-golf/,articles,golf-tech,1108,1,0,2026-04-19,yes,3
https://www.cubicalgolfer.com/bushnell-v6-vs-precision-pro-nx9/,/bushnell-v6-vs-precision-pro-nx9/,articles,gear-reviews,971,1,0,2026-04-21,yes,3
https://www.cubicalgolfer.com/arccos-vs-garmin-shot-tracking/,/arccos-vs-garmin-shot-tracking/,articles,golf-tech,803,1,0,2026-04-23,yes,3
https://www.cubicalgolfer.com/pro-v1-vs-chrome-soft/,/pro-v1-vs-chrome-soft/,articles,gear-reviews,842,2,0,2026-04-23,yes,3
https://www.cubicalgolfer.com/best-golf-ball-15-handicap/,/best-golf-ball-15-handicap/,articles,gear-reviews,845,2,0,2026-04-23,yes,3
https://www.cubicalgolfer.com/best-driver-for-high-handicapper/,/best-driver-for-high-handicapper/,articles,gear-reviews,1064,1,0,2026-04-19,yes,3
https://www.cubicalgolfer.com/best-golf-training-aids-home-practice/,/best-golf-training-aids-home-practice/,articles,improve-game,566,1,0,2026-03-15,yes,3
https://www.cubicalgolfer.com/driver-vs-3-wood-off-tee/,/driver-vs-3-wood-off-tee/,articles,improve-game,1082,1,1,2026-04-13,yes,3
https://www.cubicalgolfer.com/how-to-fit-yourself-for-driver/,/how-to-fit-yourself-for-driver/,articles,gear-reviews,1141,1,1,2026-04-13,yes,3
https://www.cubicalgolfer.com/how-to-choose-putter-length/,/how-to-choose-putter-length/,articles,improve-game,972,2,1,2026-04-20,yes,3
https://www.cubicalgolfer.com/mallet-vs-blade-putter/,/mallet-vs-blade-putter/,articles,gear-reviews,996,3,0,2026-04-20,no,3
https://www.cubicalgolfer.com/best-golf-hitting-mats-home/,/best-golf-hitting-mats-home/,articles,golf-tech,456,2,0,2026-05-11,yes,3
https://www.cubicalgolfer.com/best-impact-screens-golf-simulator/,/best-impact-screens-golf-simulator/,articles,golf-tech,455,2,0,2026-05-12,yes,3
https://www.cubicalgolfer.com/best-golf-simulator-projectors/,/best-golf-simulator-projectors/,articles,golf-tech,456,2,0,2026-05-13,yes,3
https://www.cubicalgolfer.com/best-electric-golf-push-cart/,/best-electric-golf-push-cart/,articles,golf-accessories,341,1,0,2026-05-16,yes,3
https://www.cubicalgolfer.com/best-golf-bags-walking-2026/,/best-golf-bags-walking-2026/,articles,golf-accessories,403,1,0,2026-05-16,yes,3
https://www.cubicalgolfer.com/best-golf-rain-gear-2026/,/best-golf-rain-gear-2026/,articles,golf-accessories,464,2,0,2026-05-17,yes,3
https://www.cubicalgolfer.com/best-wedges-for-beginners/,/best-wedges-for-beginners/,articles,gear-reviews,268,2,1,2026-05-14,yes,3
https://www.cubicalgolfer.com/compare/skytrak-vs-garmin-r10/,/compare/skytrak-vs-garmin-r10/,comparisons,comparison,463,4,0,2026-04-14,yes,3
https://www.cubicalgolfer.com/compare/odyssey-stroke-lab-vs-scotty-cameron-phantom/,/compare/odyssey-stroke-lab-vs-scotty-cameron-phantom/,comparisons,comparison,869,2,0,2026-04-20,yes,3
https://www.cubicalgolfer.com/golf-handicap-calculator/,/golf-handicap-calculator/,standalone,tools,0,2,0,2026-05-25,no,3
https://www.cubicalgolfer.com/golf-swing-speed-chart/,/golf-swing-speed-chart/,standalone,tools,0,2,0,2026-05-25,no,3
https://www.cubicalgolfer.com/25-golf-accessories-every-golfer-should-own/,/25-golf-accessories-every-golfer-should-own/,articles,golf-accessories,143,2,0,2026-03-28,yes,2
https://www.cubicalgolfer.com/best-golf-gifts-for-him/,/best-golf-gifts-for-him/,articles,golf-accessories,138,2,0,2026-03-22,yes,2
https://www.cubicalgolfer.com/best-golf-rangefinder-beginners/,/best-golf-rangefinder-beginners/,articles,gear-reviews,384,1,0,2026-04-14,yes,2
https://www.cubicalgolfer.com/golf-course-etiquette/,/golf-course-etiquette/,articles,golf-lifestyle,562,2,0,2026-04-13,no,2
https://www.cubicalgolfer.com/how-to-build-garage-golf-simulator/,/how-to-build-garage-golf-simulator/,articles,golf-tech,294,4,0,2026-04-09,no,2
https://www.cubicalgolfer.com/best-gps-golf-watch-high-handicappers/,/best-gps-golf-watch-high-handicappers/,articles,gear-reviews,455,2,0,2026-04-08,yes,2
https://www.cubicalgolfer.com/best-golf-irons-high-handicapper/,/best-golf-irons-high-handicapper/,articles,gear-reviews,309,2,0,2026-04-16,yes,2
https://www.cubicalgolfer.com/what-is-slope-on-a-rangefinder/,/what-is-slope-on-a-rangefinder/,articles,gear-reviews,402,1,0,2026-04-15,yes,2
https://www.cubicalgolfer.com/how-to-lower-golf-handicap/,/how-to-lower-golf-handicap/,articles,improve-game,448,3,0,2026-04-12,no,2
https://www.cubicalgolfer.com/why-do-i-hit-irons-fat/,/why-do-i-hit-irons-fat/,articles,improve-game,392,3,0,2026-04-16,no,2
https://www.cubicalgolfer.com/best-golf-rangefinder-for-seniors/,/best-golf-rangefinder-for-seniors/,articles,gear-reviews,393,2,0,2026-04-14,yes,2
https://www.cubicalgolfer.com/best-golf-irons-for-seniors/,/best-golf-irons-for-seniors/,articles,gear-reviews,357,2,0,2026-04-14,yes,2
https://www.cubicalgolfer.com/best-golf-swing-analyzer-iphone/,/best-golf-swing-analyzer-iphone/,articles,golf-tech,472,1,0,2026-03-15,yes,2
https://www.cubicalgolfer.com/how-to-get-your-kid-into-golf/,/how-to-get-your-kid-into-golf/,articles,golf-lifestyle,483,4,0,2026-04-23,no,2
https://www.cubicalgolfer.com/compare/arccos-vs-shot-scope/,/compare/arccos-vs-shot-scope/,comparisons,comparison,487,1,0,2026-03-28,yes,2
https://www.cubicalgolfer.com/compare/garmin-approach-s62-vs-s42/,/compare/garmin-approach-s62-vs-s42/,comparisons,comparison,419,2,0,2026-04-14,yes,2
https://www.cubicalgolfer.com/compare/blue-tees-vs-bushnell-tour-v6/,/compare/blue-tees-vs-bushnell-tour-v6/,comparisons,comparison,356,2,0,2026-04-14,yes,2
https://www.cubicalgolfer.com/compare/garmin-s12-vs-bushnell-ion-elite/,/compare/garmin-s12-vs-bushnell-ion-elite/,comparisons,comparison,364,2,0,2026-04-14,yes,2
https://www.cubicalgolfer.com/compare/cobra-aerojet-max-vs-ping-g430-max/,/compare/cobra-aerojet-max-vs-ping-g430-max/,comparisons,comparison,347,1,0,2026-04-14,yes,2
https://www.cubicalgolfer.com/compare/cleveland-launcher-xl2-vs-cobra-aerojet-max/,/compare/cleveland-launcher-xl2-vs-cobra-aerojet-max/,comparisons,comparison,347,1,0,2026-04-14,yes,2
https://www.cubicalgolfer.com/compare/lab-golf-df3-vs-odyssey-two-ball-eleven/,/compare/lab-golf-df3-vs-odyssey-two-ball-eleven/,comparisons,comparison,426,1,0,2026-04-20,yes,2
https://www.cubicalgolfer.com/best-golf-courses-weekend-drive/,/best-golf-courses-weekend-drive/,articles,golf-lifestyle,178,1,0,2026-03-25,no,1
https://www.cubicalgolfer.com/how-to-chip-in-golf/,/how-to-chip-in-golf/,articles,improve-game,472,2,0,2026-04-11,no,1
https://www.cubicalgolfer.com/how-to-use-golf-rangefinder/,/how-to-use-golf-rangefinder/,articles,gear-reviews,465,2,0,2026-04-10,no,1
https://www.cubicalgolfer.com/how-far-average-golfer-hit-7-iron/,/how-far-average-golfer-hit-7-iron/,articles,improve-game,424,1,0,2026-04-17,no,1
https://www.cubicalgolfer.com/why-does-my-golf-ball-go-right/,/why-does-my-golf-ball-go-right/,articles,improve-game,483,2,0,2026-04-10,no,1
https://www.cubicalgolfer.com/blue-tees-vs-bushnell-rangefinder/,/blue-tees-vs-bushnell-rangefinder/,articles,gear-reviews,495,2,0,2026-04-14,no,1